{
    "hmm": {
        "A": {
            "q1": {
                "q1": 0.8855080321744565,
                "q3": 0.11400883724062709,
                "q2": 0.00048,
                "q4": 0.00000313058491640786
            },
            "q3": {
                "q1": 0.9502609901778785,
                "q3": 0.033831014039701346,
                "q2": 0.01,
                "q4": 0.00590799578242019
            },
            "q2": {
                "q1": 0.9719190668704077,
                "q3": 0.027832790133992855,
                "q2": 0.0002,
                "q4": 0.0000481429955994003
            },
            "q4": {
                "q1": 0.9019190668704077,
                "q3": 0.027832790133992855,
                "q2": 0.0702,
                "q4": 0.0000481429955994003
            }
        },
        "pi": {
            "q1": 0.25,
            "q3": 0.25,
            "q2": 0.25,
            "q4": 0.25
        },
        "B": {
            "q1": {
                "0": 0.013244773885152439,
                "1": 0.0010240435361741455,
                "2": 0.00006255393909323381,
                "3": 0.014283006933862438,
                "4": 0.026702018515405133,
                "5": 0.017784026794823323,
                "6": 0.0268016514687012,
                "7": 0.9000979249267882
            },
            "q3": {
                "0": 0.006359007890596846,
                "1": 0.005601783712326399,
                "2": 0.027196096070057227,
                "3": 0.028737964749189063,
                "4": 0.010961845777941612,
                "5": 0.005696614256410827,
                "6": 0.020660973947827982,
                "7": 0.89478571359565
            },
            "q2": {
                "0": 0.007725700619962916,
                "1": 0.014413657127114846,
                "2": 0.006353918588225974,
                "3": 0.024422557580080252,
                "4": 0.008460509704686496,
                "5": 0.017737790562919648,
                "6": 0.017490240488074228,
                "7": 0.9033956253289356
            },
            "q4": {
                "0": 0.007725700619962916,
                "1": 0.014413657127114846,
                "2": 0.006353918588225974,
                "3": 0.024422557580080252,
                "4": 0.1084605097046865,
                "5": 0.017737790562919648,
                "6": 0.017490240488074228,
                "7": 0.8033956253289356
            }
        }
    }
}